student_id,topic,topic_n_questions,topic_accuracy,topic_avg_time_seconds,topic_avg_confidence
student_0001,Algebra,8,0.75,21.98,3.75
student_0001,Derivate,21,0.619,32.38,2.62
student_0001,Fisica_Dinamica,12,0.5833,31.57,3.0
student_0001,Fisica_Energia,18,0.7222,32.62,2.72
student_0001,Funzioni,16,0.625,34.26,3.62
student_0002,Algebra,8,0.375,44.13,2.38
student_0002,Derivate,21,0.4762,50.28,2.0
student_0002,Fisica_Dinamica,12,0.3333,46.19,2.0
student_0002,Fisica_Energia,18,0.5556,49.53,2.56
student_0002,Funzioni,16,0.75,36.13,3.75
student_0003,Algebra,8,0.375,62.37,2.38
student_0003,Derivate,21,0.7143,48.22,3.71
student_0003,Fisica_Dinamica,12,0.6667,47.17,3.67
student_0003,Fisica_Energia,18,0.5556,61.73,1.56
student_0003,Funzioni,16,0.625,49.23,3.62
student_0004,Algebra,8,0.5,50.54,2.0
student_0004,Derivate,21,0.6667,49.57,2.67
student_0004,Fisica_Dinamica,12,0.9167,34.74,4.0
student_0004,Fisica_Energia,18,0.4444,48.46,2.44
student_0004,Funzioni,16,0.5625,44.41,3.0
student_0005,Algebra,8,0.625,53.3,2.62
student_0005,Derivate,21,0.5714,48.66,2.57
student_0005,Fisica_Dinamica,12,0.5,50.3,2.5
student_0005,Fisica_Energia,18,0.5,54.01,2.5
student_0005,Funzioni,16,0.8125,42.37,3.81
student_0006,Algebra,8,0.625,38.46,2.62
student_0006,Derivate,21,0.619,35.13,3.62
student_0006,Fisica_Dinamica,12,0.5,40.67,1.5
student_0006,Fisica_Energia,18,0.2778,44.94,1.28
student_0006,Funzioni,16,0.625,36.87,3.62
student_0007,Algebra,8,0.25,44.81,2.0
student_0007,Derivate,21,0.619,38.46,3.62
student_0007,Fisica_Dinamica,12,0.5833,41.25,2.58
student_0007,Fisica_Energia,18,0.2778,52.64,1.28
student_0007,Funzioni,16,0.5,48.15,2.5
student_0008,Algebra,8,0.375,49.19,2.38
student_0008,Derivate,21,0.7143,47.73,2.71
student_0008,Fisica_Dinamica,12,0.5,54.73,1.5
student_0008,Fisica_Energia,18,0.5,52.65,2.5
student_0008,Funzioni,16,0.3125,50.5,2.31
student_0009,Algebra,8,0.625,30.84,3.62
student_0009,Derivate,21,0.619,36.66,2.62
student_0009,Fisica_Dinamica,12,0.75,28.58,3.75
student_0009,Fisica_Energia,18,0.7222,37.32,2.72
student_0009,Funzioni,16,0.25,42.88,1.25
student_0010,Algebra,8,0.75,55.62,2.75
student_0010,Derivate,21,0.7143,54.53,2.71
student_0010,Fisica_Dinamica,12,0.4167,52.09,2.42
student_0010,Fisica_Energia,18,0.5,52.7,2.5
student_0010,Funzioni,16,0.3125,61.9,2.31
student_0011,Algebra,8,0.375,48.19,2.38
student_0011,Derivate,21,0.619,47.38,2.62
student_0011,Fisica_Dinamica,12,0.75,44.97,3.75
student_0011,Fisica_Energia,18,0.5,46.98,2.5
student_0011,Funzioni,16,0.5,49.31,2.5
student_0012,Algebra,8,0.625,36.42,3.62
student_0012,Derivate,21,0.619,35.03,3.62
student_0012,Fisica_Dinamica,12,0.5833,39.42,2.58
student_0012,Fisica_Energia,18,0.3333,48.51,1.33
student_0012,Funzioni,16,0.5625,37.89,3.56
student_0013,Algebra,8,0.625,45.82,3.62
student_0013,Derivate,21,0.4762,50.74,2.48
student_0013,Fisica_Dinamica,12,0.6667,41.44,3.67
student_0013,Fisica_Energia,18,0.7778,40.55,3.78
student_0013,Funzioni,16,0.375,57.48,1.38
student_0014,Algebra,8,0.125,70.41,1.12
student_0014,Derivate,21,0.5714,46.08,3.57
student_0014,Fisica_Dinamica,12,0.6667,44.41,3.67
student_0014,Fisica_Energia,18,0.5556,59.28,2.56
student_0014,Funzioni,16,0.8125,39.95,4.0
student_0015,Algebra,8,0.5,69.39,2.0
student_0015,Derivate,21,0.619,49.08,3.62
student_0015,Fisica_Dinamica,12,0.5833,65.06,1.58
student_0015,Fisica_Energia,18,0.5,62.69,2.5
student_0015,Funzioni,16,0.4375,67.17,2.44
student_0016,Algebra,8,0.625,38.28,3.62
student_0016,Derivate,21,0.9048,30.74,4.0
student_0016,Fisica_Dinamica,12,0.6667,33.07,3.67
student_0016,Fisica_Energia,18,0.6111,42.63,2.0
student_0016,Funzioni,16,0.3125,49.17,1.31
student_0017,Algebra,8,0.875,37.87,4.0
student_0017,Derivate,21,0.4762,55.76,2.0
student_0017,Fisica_Dinamica,12,0.5833,55.35,2.0
student_0017,Fisica_Energia,18,0.3889,58.29,2.39
student_0017,Funzioni,16,0.375,65.74,1.0
student_0018,Algebra,8,0.375,47.9,2.38
student_0018,Derivate,21,0.7143,35.06,4.71
student_0018,Fisica_Dinamica,12,0.9167,40.8,3.92
student_0018,Fisica_Energia,18,0.4444,56.31,1.44
student_0018,Funzioni,16,0.6875,45.4,3.69
student_0019,Algebra,8,0.5,57.06,3.0
student_0019,Derivate,21,0.7143,51.31,3.71
student_0019,Fisica_Dinamica,12,0.3333,66.38,1.33
student_0019,Fisica_Energia,18,0.4444,70.2,2.0
student_0019,Funzioni,16,0.125,73.69,1.12
student_0020,Algebra,8,0.5,54.84,2.0
student_0020,Derivate,21,0.4762,55.94,1.48
student_0020,Fisica_Dinamica,12,0.5833,54.79,1.58
student_0020,Fisica_Energia,18,0.4444,50.01,2.44
student_0020,Funzioni,16,0.1875,56.9,1.19
student_0021,Algebra,8,0.75,36.31,3.75
student_0021,Derivate,21,0.4762,37.25,2.48
student_0021,Fisica_Dinamica,12,0.25,50.36,1.25
student_0021,Fisica_Energia,18,0.5556,40.81,3.56
student_0021,Funzioni,16,0.3125,51.42,1.31
student_0022,Algebra,8,0.375,44.14,3.38
student_0022,Derivate,21,0.4762,51.58,2.0
student_0022,Fisica_Dinamica,12,0.4167,43.51,3.42
student_0022,Fisica_Energia,18,0.6111,47.94,3.0
student_0022,Funzioni,16,0.375,47.84,2.38
student_0023,Algebra,8,0.75,48.27,3.75
student_0023,Derivate,21,0.5238,50.81,3.0
student_0023,Fisica_Dinamica,12,0.5,47.36,2.5
student_0023,Fisica_Energia,18,0.6111,48.3,3.61
student_0023,Funzioni,16,0.375,58.16,2.38
student_0024,Algebra,8,0.625,47.09,3.0
student_0024,Derivate,21,0.7143,48.05,3.0
student_0024,Fisica_Dinamica,12,0.3333,57.08,2.33
student_0024,Fisica_Energia,18,0.7222,44.65,3.72
student_0024,Funzioni,16,0.375,56.16,2.0
student_0025,Algebra,8,0.375,43.18,3.38
student_0025,Derivate,21,0.5714,48.15,1.57
student_0025,Fisica_Dinamica,12,0.5,49.89,2.0
student_0025,Fisica_Energia,18,0.6111,44.59,3.0
student_0025,Funzioni,16,0.625,41.49,3.62
student_0026,Algebra,8,0.5,45.74,3.5
student_0026,Derivate,21,0.5238,51.21,1.52
student_0026,Fisica_Dinamica,12,0.5,48.95,2.5
student_0026,Fisica_Energia,18,0.7222,47.13,2.72
student_0026,Funzioni,16,0.25,58.57,1.25
student_0027,Algebra,8,0.75,48.88,3.75
student_0027,Derivate,21,0.5238,51.68,2.52
student_0027,Fisica_Dinamica,12,0.3333,67.84,1.33
student_0027,Fisica_Energia,18,0.5,44.64,3.5
student_0027,Funzioni,16,0.4375,68.49,1.44
student_0028,Algebra,8,0.5,51.66,2.5
student_0028,Derivate,21,0.4762,46.34,1.48
student_0028,Fisica_Dinamica,12,0.5833,43.73,2.58
student_0028,Fisica_Energia,18,0.6667,46.16,2.67
student_0028,Funzioni,16,0.4375,46.66,2.44
student_0029,Algebra,8,0.125,50.69,2.12
student_0029,Derivate,21,0.381,49.95,2.38
student_0029,Fisica_Dinamica,12,0.6667,48.38,2.67
student_0029,Fisica_Energia,18,0.5556,43.42,2.56
student_0029,Funzioni,16,0.3125,50.21,1.31
student_0030,Algebra,8,0.625,43.13,3.62
student_0030,Derivate,21,0.7143,41.21,3.0
student_0030,Fisica_Dinamica,12,0.6667,42.01,3.0
student_0030,Fisica_Energia,18,0.3333,52.63,2.33
student_0030,Funzioni,16,0.375,54.18,2.0
student_0031,Algebra,8,0.375,49.09,2.38
student_0031,Derivate,21,0.4762,42.67,2.48
student_0031,Fisica_Dinamica,12,0.3333,43.24,2.33
student_0031,Fisica_Energia,18,0.5556,37.58,3.56
student_0031,Funzioni,16,0.625,47.73,2.62
student_0032,Algebra,8,0.5,33.01,3.5
student_0032,Derivate,21,0.5238,38.08,2.52
student_0032,Fisica_Dinamica,12,0.6667,39.52,1.67
student_0032,Fisica_Energia,18,0.5,37.18,2.5
student_0032,Funzioni,16,0.625,35.03,2.62
student_0033,Algebra,8,0.625,47.64,2.62
student_0033,Derivate,21,0.4762,44.58,2.48
student_0033,Fisica_Dinamica,12,0.5,51.99,2.5
student_0033,Fisica_Energia,18,0.3333,52.06,1.33
student_0033,Funzioni,16,0.5,51.81,2.0
student_0034,Algebra,8,0.25,58.04,2.0
student_0034,Derivate,21,0.5714,48.37,2.57
student_0034,Fisica_Dinamica,12,0.5833,38.4,3.58
student_0034,Fisica_Energia,18,0.4444,44.88,3.44
student_0034,Funzioni,16,0.5,46.18,2.5
student_0035,Algebra,8,0.75,46.31,3.75
student_0035,Derivate,21,0.7619,44.36,2.76
student_0035,Fisica_Dinamica,12,0.5833,40.51,3.58
student_0035,Fisica_Energia,18,0.3889,48.42,2.39
student_0035,Funzioni,16,0.6875,46.81,2.69
student_0036,Algebra,8,0.25,47.39,2.0
student_0036,Derivate,21,0.5714,40.45,2.57
student_0036,Fisica_Dinamica,12,0.5833,42.79,2.58
student_0036,Fisica_Energia,18,0.3889,48.51,1.39
student_0036,Funzioni,16,0.6875,42.08,3.0
student_0037,Algebra,8,0.625,60.91,2.62
student_0037,Derivate,21,0.4286,60.09,1.43
student_0037,Fisica_Dinamica,12,0.5833,53.08,2.58
student_0037,Fisica_Energia,18,0.5,49.47,3.5
student_0037,Funzioni,16,0.375,50.97,2.38
student_0038,Algebra,8,0.5,48.5,2.0
student_0038,Derivate,21,0.4762,49.09,1.48
student_0038,Fisica_Dinamica,12,0.5833,46.46,2.58
student_0038,Fisica_Energia,18,0.4444,48.41,2.0
student_0038,Funzioni,16,0.5,42.77,2.5
student_0039,Algebra,8,0.375,44.73,2.0
student_0039,Derivate,21,0.7619,38.66,3.0
student_0039,Fisica_Dinamica,12,0.5833,43.69,2.58
student_0039,Fisica_Energia,18,0.5,38.72,2.5
student_0039,Funzioni,16,0.5625,40.81,2.56
student_0040,Algebra,8,0.625,34.41,3.62
student_0040,Derivate,21,0.619,32.2,3.62
student_0040,Fisica_Dinamica,12,0.75,29.85,2.75
student_0040,Fisica_Energia,18,0.2778,37.35,2.28
student_0040,Funzioni,16,0.625,32.57,3.62
student_0041,Algebra,8,0.75,45.84,3.75
student_0041,Derivate,21,0.5714,36.94,3.57
student_0041,Fisica_Dinamica,12,0.8333,35.9,4.0
student_0041,Fisica_Energia,18,0.5556,48.97,2.56
student_0041,Funzioni,16,0.4375,45.64,2.44
student_0042,Algebra,8,0.875,34.05,3.88
student_0042,Derivate,21,0.8095,40.24,2.81
student_0042,Fisica_Dinamica,12,0.75,29.44,3.75
student_0042,Fisica_Energia,18,0.6111,36.42,3.61
student_0042,Funzioni,16,0.4375,41.45,2.44
student_0043,Algebra,8,0.875,27.08,3.88
student_0043,Derivate,21,0.619,33.58,2.62
student_0043,Fisica_Dinamica,12,0.6667,26.94,2.67
student_0043,Fisica_Energia,18,0.5556,33.46,2.56
student_0043,Funzioni,16,0.6875,31.49,3.0
student_0044,Algebra,8,0.375,52.61,2.38
student_0044,Derivate,21,0.619,47.04,3.0
student_0044,Fisica_Dinamica,12,0.5833,52.4,2.58
student_0044,Fisica_Energia,18,0.4444,54.15,2.44
student_0044,Funzioni,16,0.25,64.72,1.25
student_0045,Algebra,8,0.0,48.47,1.0
student_0045,Derivate,21,0.7619,35.71,3.76
student_0045,Fisica_Dinamica,12,0.5833,38.35,3.58
student_0045,Fisica_Energia,18,0.5,40.86,2.5
student_0045,Funzioni,16,0.1875,49.89,1.19
student_0046,Algebra,8,0.375,52.74,1.38
student_0046,Derivate,21,0.6667,39.69,2.67
student_0046,Fisica_Dinamica,12,0.5833,46.33,2.58
student_0046,Fisica_Energia,18,0.6667,51.51,2.0
student_0046,Funzioni,16,0.75,40.64,3.0
student_0047,Algebra,8,0.5,42.19,3.5
student_0047,Derivate,21,0.4762,45.43,1.48
student_0047,Fisica_Dinamica,12,0.5,37.39,2.5
student_0047,Fisica_Energia,18,0.6111,47.78,1.61
student_0047,Funzioni,16,0.375,38.27,2.38
student_0048,Algebra,8,0.375,65.28,1.38
student_0048,Derivate,21,0.6667,42.68,3.67
student_0048,Fisica_Dinamica,12,0.3333,63.83,1.33
student_0048,Fisica_Energia,18,0.7222,46.81,3.72
student_0048,Funzioni,16,0.5,61.81,2.5
student_0049,Algebra,8,0.5,38.79,2.5
student_0049,Derivate,21,0.3333,48.49,1.33
student_0049,Fisica_Dinamica,12,0.5,37.32,2.5
student_0049,Fisica_Energia,18,0.5556,46.83,2.0
student_0049,Funzioni,16,0.5,44.89,2.5
student_0050,Algebra,8,0.25,48.62,2.25
student_0050,Derivate,21,0.4762,48.61,2.48
student_0050,Fisica_Dinamica,12,0.6667,47.42,2.67
student_0050,Fisica_Energia,18,0.5,46.19,2.5
student_0050,Funzioni,16,0.6875,45.86,3.69
student_0051,Algebra,8,0.75,36.25,2.75
student_0051,Derivate,21,0.4286,40.31,1.43
student_0051,Fisica_Dinamica,12,0.25,40.5,1.25
student_0051,Fisica_Energia,18,0.5556,33.29,2.56
student_0051,Funzioni,16,0.3125,37.16,2.31
student_0052,Algebra,8,0.25,60.37,2.25
student_0052,Derivate,21,0.3333,60.33,1.33
student_0052,Fisica_Dinamica,12,0.75,37.93,3.75
student_0052,Fisica_Energia,18,0.5556,51.1,2.56
student_0052,Funzioni,16,0.375,58.14,2.38
student_0053,Algebra,8,0.375,39.19,3.38
student_0053,Derivate,21,0.7619,37.38,3.76
student_0053,Fisica_Dinamica,12,0.6667,47.56,2.67
student_0053,Fisica_Energia,18,0.6111,46.17,3.0
student_0053,Funzioni,16,0.25,55.1,1.25
student_0054,Algebra,8,0.5,35.74,3.5
student_0054,Derivate,21,0.3333,47.04,1.33
student_0054,Fisica_Dinamica,12,0.5833,35.0,3.0
student_0054,Fisica_Energia,18,0.6667,38.85,2.67
student_0054,Funzioni,16,0.5,35.93,2.5
student_0055,Algebra,8,0.375,63.68,1.0
student_0055,Derivate,21,0.381,66.47,1.38
student_0055,Fisica_Dinamica,12,0.75,47.02,3.0
student_0055,Fisica_Energia,18,0.4444,54.3,3.0
student_0055,Funzioni,16,0.25,60.14,1.25
student_0056,Algebra,8,0.625,51.86,2.62
student_0056,Derivate,21,0.6667,47.63,2.67
student_0056,Fisica_Dinamica,12,0.5,56.22,1.5
student_0056,Fisica_Energia,18,0.5556,46.34,3.56
student_0056,Funzioni,16,0.4375,54.01,2.44
student_0057,Algebra,8,0.375,57.48,1.38
student_0057,Derivate,21,0.4286,52.99,2.0
student_0057,Fisica_Dinamica,12,0.8333,42.6,3.83
student_0057,Fisica_Energia,18,0.6667,42.93,3.67
student_0057,Funzioni,16,0.3125,64.02,1.31
student_0058,Algebra,8,0.5,57.9,2.5
student_0058,Derivate,21,0.5714,55.07,3.0
student_0058,Fisica_Dinamica,12,0.3333,69.28,1.33
student_0058,Fisica_Energia,18,0.6667,50.83,3.67
student_0058,Funzioni,16,0.375,61.86,2.38
student_0059,Algebra,8,0.375,42.96,3.38
student_0059,Derivate,21,0.4762,52.87,2.48
student_0059,Fisica_Dinamica,12,0.3333,53.83,1.33
student_0059,Fisica_Energia,18,0.1667,53.03,1.17
student_0059,Funzioni,16,0.1875,49.01,2.0
student_0060,Algebra,8,0.5,48.63,2.5
student_0060,Derivate,21,0.5238,42.65,2.52
student_0060,Fisica_Dinamica,12,0.25,46.81,1.25
student_0060,Fisica_Energia,18,0.5556,44.83,2.56
student_0060,Funzioni,16,0.375,42.85,2.38
student_0061,Algebra,8,0.375,32.89,2.38
student_0061,Derivate,21,0.5238,30.94,2.52
student_0061,Fisica_Dinamica,12,0.5,31.11,2.5
student_0061,Fisica_Energia,18,0.5556,31.57,3.0
student_0061,Funzioni,16,0.4375,35.56,2.44
student_0062,Algebra,8,0.75,38.97,2.75
student_0062,Derivate,21,0.7619,31.59,3.76
student_0062,Fisica_Dinamica,12,0.5,39.6,2.0
student_0062,Fisica_Energia,18,0.3889,40.79,2.39
student_0062,Funzioni,16,0.5625,41.11,2.56
student_0063,Algebra,8,0.625,50.86,1.62
student_0063,Derivate,21,0.4762,44.76,2.48
student_0063,Fisica_Dinamica,12,0.5,47.07,2.5
student_0063,Fisica_Energia,18,0.7778,38.85,3.78
student_0063,Funzioni,16,0.5,48.86,2.5
student_0064,Algebra,8,0.5,40.96,4.0
student_0064,Derivate,21,0.619,40.37,3.62
student_0064,Fisica_Dinamica,12,0.5833,57.88,2.58
student_0064,Fisica_Energia,18,0.3889,56.51,2.39
student_0064,Funzioni,16,0.3125,61.58,2.31
student_0065,Algebra,8,0.375,60.63,1.38
student_0065,Derivate,21,0.5238,48.89,2.52
student_0065,Fisica_Dinamica,12,0.5,54.3,2.0
student_0065,Fisica_Energia,18,0.5556,47.9,2.56
student_0065,Funzioni,16,0.4375,43.58,2.44
student_0066,Algebra,8,0.25,58.97,2.25
student_0066,Derivate,21,0.619,46.57,3.0
student_0066,Fisica_Dinamica,12,0.4167,63.18,1.42
student_0066,Fisica_Energia,18,0.6667,51.33,3.0
student_0066,Funzioni,16,0.3125,66.58,1.31
student_0067,Algebra,8,0.75,42.78,3.75
student_0067,Derivate,21,0.5238,52.39,1.52
student_0067,Fisica_Dinamica,12,0.6667,38.05,4.0
student_0067,Fisica_Energia,18,0.8333,38.13,3.83
student_0067,Funzioni,16,0.375,47.42,2.38
student_0068,Algebra,8,0.125,55.8,1.12
student_0068,Derivate,21,0.7619,42.14,3.0
student_0068,Fisica_Dinamica,12,0.6667,39.19,2.67
student_0068,Fisica_Energia,18,0.8333,36.67,3.83
student_0068,Funzioni,16,0.5625,45.78,2.56
student_0069,Algebra,8,0.5,41.85,2.5
student_0069,Derivate,21,0.5714,47.3,2.57
student_0069,Fisica_Dinamica,12,0.5,45.51,1.5
student_0069,Fisica_Energia,18,0.4444,40.27,2.44
student_0069,Funzioni,16,0.5625,35.76,3.56
student_0070,Algebra,8,0.375,32.55,3.38
student_0070,Derivate,21,0.7619,28.36,3.76
student_0070,Fisica_Dinamica,12,0.6667,33.82,3.67
student_0070,Fisica_Energia,18,0.7222,26.15,3.72
student_0070,Funzioni,16,0.625,35.98,3.0
student_0071,Algebra,8,0.375,53.78,1.38
student_0071,Derivate,21,0.8095,43.65,2.81
student_0071,Fisica_Dinamica,12,0.5833,43.88,3.58
student_0071,Fisica_Energia,18,0.7222,38.01,3.72
student_0071,Funzioni,16,0.375,53.65,1.38
student_0072,Algebra,8,0.75,40.1,3.75
student_0072,Derivate,21,0.619,37.96,2.62
student_0072,Fisica_Dinamica,12,0.5833,37.24,2.58
student_0072,Fisica_Energia,18,0.5556,42.3,2.56
student_0072,Funzioni,16,0.375,46.0,2.38
student_0073,Algebra,8,0.75,42.9,3.75
student_0073,Derivate,21,0.619,44.65,2.62
student_0073,Fisica_Dinamica,12,0.4167,50.97,2.0
student_0073,Fisica_Energia,18,0.2778,51.1,2.28
student_0073,Funzioni,16,0.4375,53.46,2.0
student_0074,Algebra,8,0.5,51.39,2.5
student_0074,Derivate,21,0.5238,52.06,3.0
student_0074,Fisica_Dinamica,12,0.75,47.05,3.75
student_0074,Fisica_Energia,18,0.6111,53.68,3.61
student_0074,Funzioni,16,0.4375,55.46,2.44
student_0075,Algebra,8,0.625,50.12,2.62
student_0075,Derivate,21,0.7143,37.55,3.71
student_0075,Fisica_Dinamica,12,0.5,45.29,2.5
student_0075,Fisica_Energia,18,0.3889,42.74,3.0
student_0075,Funzioni,16,0.5625,48.44,2.56
student_0076,Algebra,8,0.875,33.26,4.0
student_0076,Derivate,21,0.4762,45.12,1.48
student_0076,Fisica_Dinamica,12,0.6667,36.67,3.67
student_0076,Fisica_Energia,18,0.6667,37.0,3.67
student_0076,Funzioni,16,0.5,42.23,3.0
student_0077,Algebra,8,0.875,38.7,3.88
student_0077,Derivate,21,0.5714,37.7,3.57
student_0077,Fisica_Dinamica,12,0.8333,37.69,3.83
student_0077,Fisica_Energia,18,0.3889,45.04,2.39
student_0077,Funzioni,16,0.5,46.25,2.5
student_0078,Algebra,8,0.625,47.72,2.62
student_0078,Derivate,21,0.4762,52.37,1.48
student_0078,Fisica_Dinamica,12,0.3333,49.05,2.33
student_0078,Fisica_Energia,18,0.3333,57.96,1.33
student_0078,Funzioni,16,0.375,52.56,2.0
student_0079,Algebra,8,0.625,42.31,3.0
student_0079,Derivate,21,0.7143,35.75,3.71
student_0079,Fisica_Dinamica,12,0.6667,36.75,3.67
student_0079,Fisica_Energia,18,0.6667,37.86,3.67
student_0079,Funzioni,16,0.3125,45.77,2.31
student_0080,Algebra,8,0.5,46.14,3.5
student_0080,Derivate,21,0.619,41.13,3.62
student_0080,Fisica_Dinamica,12,0.25,51.31,1.25
student_0080,Fisica_Energia,18,0.6111,49.93,2.61
student_0080,Funzioni,16,0.3125,46.06,2.31
student_0081,Algebra,8,0.25,35.63,2.25
student_0081,Derivate,21,0.3333,48.83,1.33
student_0081,Fisica_Dinamica,12,0.5833,39.45,2.58
student_0081,Fisica_Energia,18,0.7778,36.34,3.78
student_0081,Funzioni,16,0.4375,44.89,2.0
student_0082,Algebra,8,0.25,69.1,1.25
student_0082,Derivate,21,0.5714,51.63,3.57
student_0082,Fisica_Dinamica,12,0.3333,65.33,1.33
student_0082,Fisica_Energia,18,0.4444,72.7,1.44
student_0082,Funzioni,16,0.5625,51.24,3.56
student_0083,Algebra,8,0.375,67.98,1.38
student_0083,Derivate,21,0.5714,55.64,2.57
student_0083,Fisica_Dinamica,12,0.6667,46.11,3.67
student_0083,Fisica_Energia,18,0.3333,70.96,1.33
student_0083,Funzioni,16,0.4375,53.68,3.44
student_0084,Algebra,8,0.625,48.87,2.62
student_0084,Derivate,21,0.4762,56.5,1.48
student_0084,Fisica_Dinamica,12,0.25,48.1,2.25
student_0084,Fisica_Energia,18,0.5556,37.91,3.56
student_0084,Funzioni,16,0.625,40.09,3.62
student_0085,Algebra,8,0.375,54.23,1.38
student_0085,Derivate,21,0.7143,38.67,3.71
student_0085,Fisica_Dinamica,12,0.4167,44.02,2.42
student_0085,Fisica_Energia,18,0.5,42.23,3.0
student_0085,Funzioni,16,0.75,38.48,3.0
student_0086,Algebra,8,0.5,58.98,2.5
student_0086,Derivate,21,0.5238,53.58,2.52
student_0086,Fisica_Dinamica,12,0.4167,61.57,1.42
student_0086,Fisica_Energia,18,0.4444,57.91,2.44
student_0086,Funzioni,16,0.3125,58.94,2.31
student_0087,Algebra,8,0.875,47.18,3.0
student_0087,Derivate,21,0.7143,36.2,3.71
student_0087,Fisica_Dinamica,12,0.3333,47.59,2.0
student_0087,Fisica_Energia,18,0.4444,43.62,2.44
student_0087,Funzioni,16,0.5625,42.45,3.0
student_0088,Algebra,8,0.75,46.51,3.75
student_0088,Derivate,21,0.4762,55.55,1.48
student_0088,Fisica_Dinamica,12,0.3333,55.4,1.33
student_0088,Fisica_Energia,18,0.7222,42.76,3.72
student_0088,Funzioni,16,0.3125,60.47,1.31
student_0089,Algebra,8,0.75,34.78,3.75
student_0089,Derivate,21,0.5238,38.84,2.52
student_0089,Fisica_Dinamica,12,0.5,35.54,2.5
student_0089,Fisica_Energia,18,0.3889,32.98,2.39
student_0089,Funzioni,16,0.1875,42.84,1.19
student_0090,Algebra,8,0.375,45.1,3.0
student_0090,Derivate,21,0.6667,45.29,2.0
student_0090,Fisica_Dinamica,12,0.75,38.91,2.75
student_0090,Fisica_Energia,18,0.7778,36.78,3.78
student_0090,Funzioni,16,0.1875,57.4,1.0
student_0091,Algebra,8,0.375,34.14,2.38
student_0091,Derivate,21,0.5238,34.54,2.0
student_0091,Fisica_Dinamica,12,0.4167,26.89,2.42
student_0091,Fisica_Energia,18,0.5,32.52,2.5
student_0091,Funzioni,16,0.75,31.43,3.0
student_0092,Algebra,8,0.375,32.11,3.0
student_0092,Derivate,21,0.6667,36.74,2.67
student_0092,Fisica_Dinamica,12,0.6667,35.38,3.67
student_0092,Fisica_Energia,18,0.7778,36.46,3.78
student_0092,Funzioni,16,0.625,33.59,3.62
student_0093,Algebra,8,0.375,51.63,2.38
student_0093,Derivate,21,0.4286,56.52,1.43
student_0093,Fisica_Dinamica,12,0.5833,50.03,2.58
student_0093,Fisica_Energia,18,0.6667,48.53,2.67
student_0093,Funzioni,16,0.5,52.2,2.5
student_0094,Algebra,8,0.5,60.88,2.0
student_0094,Derivate,21,0.5714,46.39,2.57
student_0094,Fisica_Dinamica,12,1.0,36.42,4.0
student_0094,Fisica_Energia,18,0.4444,52.01,2.44
student_0094,Funzioni,16,0.5625,49.76,3.56
student_0095,Algebra,8,0.625,56.46,2.0
student_0095,Derivate,21,0.4762,58.13,1.48
student_0095,Fisica_Dinamica,12,0.75,52.31,2.75
student_0095,Fisica_Energia,18,0.3333,54.16,2.33
student_0095,Funzioni,16,0.4375,55.79,2.44
student_0096,Algebra,8,0.75,34.64,2.75
student_0096,Derivate,21,0.7143,28.33,3.71
student_0096,Fisica_Dinamica,12,0.75,25.39,3.75
student_0096,Fisica_Energia,18,0.7222,30.45,2.72
student_0096,Funzioni,16,0.3125,35.77,2.31
student_0097,Algebra,8,0.75,42.86,3.0
student_0097,Derivate,21,0.4286,51.15,1.43
student_0097,Fisica_Dinamica,12,0.5833,46.89,2.0
student_0097,Fisica_Energia,18,0.6667,45.14,3.0
student_0097,Funzioni,16,0.4375,52.81,2.44
student_0098,Algebra,8,0.75,58.38,2.0
student_0098,Derivate,21,0.4286,51.67,2.0
student_0098,Fisica_Dinamica,12,0.3333,57.59,1.33
student_0098,Fisica_Energia,18,0.6667,39.07,3.67
student_0098,Funzioni,16,0.6875,49.6,3.69
student_0099,Algebra,8,1.0,40.25,3.0
student_0099,Derivate,21,0.4286,49.62,1.43
student_0099,Fisica_Dinamica,12,0.6667,35.78,2.67
student_0099,Fisica_Energia,18,0.6111,41.19,3.61
student_0099,Funzioni,16,0.75,36.3,3.75
student_0100,Algebra,8,0.5,69.78,2.0
student_0100,Derivate,21,0.4286,57.0,2.43
student_0100,Fisica_Dinamica,12,0.5,66.18,1.5
student_0100,Fisica_Energia,18,0.6667,60.87,2.67
student_0100,Funzioni,16,0.6875,61.05,3.69
student_0101,Algebra,8,0.25,47.4,2.25
student_0101,Derivate,21,0.619,40.09,3.0
student_0101,Fisica_Dinamica,12,0.5833,45.96,2.0
student_0101,Fisica_Energia,18,0.5,42.95,3.5
student_0101,Funzioni,16,0.75,41.36,3.75
student_0102,Algebra,8,0.625,44.8,2.62
student_0102,Derivate,21,0.619,42.12,2.62
student_0102,Fisica_Dinamica,12,0.5,43.43,2.0
student_0102,Fisica_Energia,18,0.5,44.38,2.0
student_0102,Funzioni,16,0.4375,45.88,2.0
student_0103,Algebra,8,0.375,35.98,3.38
student_0103,Derivate,21,0.4286,44.92,1.43
student_0103,Fisica_Dinamica,12,0.75,34.48,3.75
student_0103,Fisica_Energia,18,0.6111,35.58,3.61
student_0103,Funzioni,16,0.4375,41.82,2.44
student_0104,Algebra,8,0.125,69.94,1.12
student_0104,Derivate,21,0.619,40.19,3.62
student_0104,Fisica_Dinamica,12,0.9167,42.23,3.92
student_0104,Fisica_Energia,18,0.3333,59.9,1.33
student_0104,Funzioni,16,0.5,43.72,3.5
student_0105,Algebra,8,0.75,47.42,1.75
student_0105,Derivate,21,0.381,44.88,2.38
student_0105,Fisica_Dinamica,12,0.6667,41.01,2.67
student_0105,Fisica_Energia,18,0.5,45.51,2.5
student_0105,Funzioni,16,0.4375,41.66,2.44
student_0106,Algebra,8,0.5,33.89,3.5
student_0106,Derivate,21,0.2857,43.75,2.0
student_0106,Fisica_Dinamica,12,0.5833,42.76,2.0
student_0106,Fisica_Energia,18,0.6667,34.85,3.0
student_0106,Funzioni,16,0.375,46.13,2.38
student_0107,Algebra,8,0.625,35.41,2.62
student_0107,Derivate,21,0.4286,38.87,2.43
student_0107,Fisica_Dinamica,12,0.4167,26.32,2.42
student_0107,Fisica_Energia,18,0.8333,31.8,3.83
student_0107,Funzioni,16,0.3125,38.07,2.31
student_0108,Algebra,8,0.625,37.1,3.62
student_0108,Derivate,21,0.5238,36.92,2.52
student_0108,Fisica_Dinamica,12,0.6667,38.78,2.67
student_0108,Fisica_Energia,18,0.5556,41.5,2.56
student_0108,Funzioni,16,0.25,44.92,1.25
student_0109,Algebra,8,0.25,44.3,1.25
student_0109,Derivate,21,0.381,36.88,2.38
student_0109,Fisica_Dinamica,12,0.5833,34.54,3.58
student_0109,Fisica_Energia,18,0.5556,33.46,3.0
student_0109,Funzioni,16,0.625,40.84,3.0
student_0110,Algebra,8,0.375,50.49,3.0
student_0110,Derivate,21,0.4762,58.67,2.0
student_0110,Fisica_Dinamica,12,0.5,51.93,2.5
student_0110,Fisica_Energia,18,0.5,55.63,2.5
student_0110,Funzioni,16,0.3125,61.54,1.31
student_0111,Algebra,8,0.375,42.7,2.38
student_0111,Derivate,21,0.4762,39.13,2.48
student_0111,Fisica_Dinamica,12,0.3333,42.63,2.33
student_0111,Fisica_Energia,18,0.5556,38.75,2.56
student_0111,Funzioni,16,0.5,46.05,2.0
student_0112,Algebra,8,0.625,34.34,3.62
student_0112,Derivate,21,0.619,33.19,2.62
student_0112,Fisica_Dinamica,12,0.75,27.18,3.75
student_0112,Fisica_Energia,18,0.4444,34.29,1.44
student_0112,Funzioni,16,0.5625,32.41,2.56
student_0113,Algebra,8,0.25,40.41,2.25
student_0113,Derivate,21,0.6667,36.62,2.67
student_0113,Fisica_Dinamica,12,0.6667,38.84,3.67
student_0113,Fisica_Energia,18,0.6111,40.22,2.61
student_0113,Funzioni,16,0.3125,50.76,1.31
student_0114,Algebra,8,0.125,61.18,2.12
student_0114,Derivate,21,0.4762,53.75,2.48
student_0114,Fisica_Dinamica,12,0.75,47.9,3.75
student_0114,Fisica_Energia,18,0.7778,48.45,3.78
student_0114,Funzioni,16,0.3125,52.28,2.31
student_0115,Algebra,8,0.5,46.78,2.5
student_0115,Derivate,21,0.6667,42.77,3.67
student_0115,Fisica_Dinamica,12,0.6667,49.16,2.67
student_0115,Fisica_Energia,18,0.6111,47.48,2.61
student_0115,Funzioni,16,0.25,57.17,2.0
student_0116,Algebra,8,0.5,59.54,2.5
student_0116,Derivate,21,0.5714,45.52,3.57
student_0116,Fisica_Dinamica,12,0.25,60.55,1.25
student_0116,Fisica_Energia,18,0.6111,56.77,2.61
student_0116,Funzioni,16,0.375,59.07,2.38
student_0117,Algebra,8,0.625,37.57,3.62
student_0117,Derivate,21,0.5714,50.68,2.0
student_0117,Fisica_Dinamica,12,0.8333,40.74,3.83
student_0117,Fisica_Energia,18,0.5556,43.36,3.56
student_0117,Funzioni,16,0.5625,51.6,2.56
student_0118,Algebra,8,0.5,68.16,1.5
student_0118,Derivate,21,0.6667,54.83,2.67
student_0118,Fisica_Dinamica,12,0.6667,54.98,2.67
student_0118,Fisica_Energia,18,0.6667,59.26,2.67
student_0118,Funzioni,16,0.25,75.17,1.0
student_0119,Algebra,8,0.625,44.32,2.62
student_0119,Derivate,21,0.5238,42.75,2.52
student_0119,Fisica_Dinamica,12,0.5,45.37,1.5
student_0119,Fisica_Energia,18,0.6667,39.2,3.67
student_0119,Funzioni,16,0.75,40.13,3.0
student_0120,Algebra,8,0.375,43.48,3.38
student_0120,Derivate,21,0.6667,37.92,4.0
student_0120,Fisica_Dinamica,12,0.5833,45.3,2.58
student_0120,Fisica_Energia,18,0.6667,50.93,2.67
student_0120,Funzioni,16,0.5,41.44,3.5
student_0121,Algebra,8,0.25,36.74,2.25
student_0121,Derivate,21,0.5714,33.17,2.57
student_0121,Fisica_Dinamica,12,0.25,35.21,2.25
student_0121,Fisica_Energia,18,0.4444,34.46,2.44
student_0121,Funzioni,16,0.875,28.71,3.88
student_0122,Algebra,8,0.625,29.41,2.62
student_0122,Derivate,21,0.5714,30.5,2.57
student_0122,Fisica_Dinamica,12,0.5833,32.94,3.58
student_0122,Fisica_Energia,18,0.6111,34.48,2.61
student_0122,Funzioni,16,0.5625,29.01,3.56
student_0123,Algebra,8,0.125,41.9,2.12
student_0123,Derivate,21,0.4762,39.71,3.0
student_0123,Fisica_Dinamica,12,0.6667,42.92,2.67
student_0123,Fisica_Energia,18,0.2778,43.7,2.28
student_0123,Funzioni,16,0.5,46.91,2.5
student_0124,Algebra,8,0.375,38.88,2.38
student_0124,Derivate,21,0.5714,34.54,2.57
student_0124,Fisica_Dinamica,12,0.75,35.77,3.0
student_0124,Fisica_Energia,18,0.6667,34.23,2.67
student_0124,Funzioni,16,0.5,31.92,3.5
student_0125,Algebra,8,0.375,58.34,1.38
student_0125,Derivate,21,0.3333,56.77,1.33
student_0125,Fisica_Dinamica,12,0.75,38.19,3.75
student_0125,Fisica_Energia,18,0.5556,48.19,2.56
student_0125,Funzioni,16,0.75,41.06,3.75
student_0126,Algebra,8,0.5,31.73,2.5
student_0126,Derivate,21,0.4762,33.97,2.0
student_0126,Fisica_Dinamica,12,0.5833,34.76,2.58
student_0126,Fisica_Energia,18,0.7778,26.25,3.78
student_0126,Funzioni,16,0.5,28.46,2.5
student_0127,Algebra,8,0.375,45.53,2.0
student_0127,Derivate,21,0.5238,44.54,2.52
student_0127,Fisica_Dinamica,12,0.5,42.95,2.5
student_0127,Fisica_Energia,18,0.7222,38.2,3.72
student_0127,Funzioni,16,0.4375,48.71,1.44
student_0128,Algebra,8,0.375,51.98,3.0
student_0128,Derivate,21,0.5714,46.92,3.0
student_0128,Fisica_Dinamica,12,0.5,60.0,1.5
student_0128,Fisica_Energia,18,0.5,65.76,1.5
student_0128,Funzioni,16,0.3125,62.39,2.0
student_0129,Algebra,8,0.125,51.06,1.12
student_0129,Derivate,21,0.5714,41.89,3.0
student_0129,Fisica_Dinamica,12,0.75,34.6,3.75
student_0129,Fisica_Energia,18,0.5,44.26,2.5
student_0129,Funzioni,16,0.5,47.1,2.5
student_0130,Algebra,8,0.375,41.7,2.38
student_0130,Derivate,21,0.6667,36.15,3.67
student_0130,Fisica_Dinamica,12,0.5833,43.99,3.0
student_0130,Fisica_Energia,18,0.3889,48.9,1.39
student_0130,Funzioni,16,0.3125,58.87,1.0
student_0131,Algebra,8,0.25,59.3,1.25
student_0131,Derivate,21,0.5714,37.73,2.57
student_0131,Fisica_Dinamica,12,0.5833,42.51,2.58
student_0131,Fisica_Energia,18,0.7778,41.47,3.78
student_0131,Funzioni,16,0.5,43.58,2.5
student_0132,Algebra,8,0.625,50.26,2.62
student_0132,Derivate,21,0.5238,52.04,2.52
student_0132,Fisica_Dinamica,12,0.3333,60.1,2.0
student_0132,Fisica_Energia,18,0.3889,60.8,1.39
student_0132,Funzioni,16,0.625,51.96,2.62
student_0133,Algebra,8,0.625,44.11,3.62
student_0133,Derivate,21,0.619,55.67,2.0
student_0133,Fisica_Dinamica,12,0.3333,53.62,2.33
student_0133,Fisica_Energia,18,0.2778,64.13,1.28
student_0133,Funzioni,16,0.375,65.7,1.38
student_0134,Algebra,8,0.375,44.15,2.38
student_0134,Derivate,21,0.5714,45.08,2.0
student_0134,Fisica_Dinamica,12,0.3333,45.1,1.33
student_0134,Fisica_Energia,18,0.6111,41.71,2.61
student_0134,Funzioni,16,0.75,35.62,3.75
student_0135,Algebra,8,0.375,57.15,2.38
student_0135,Derivate,21,0.8095,46.62,2.81
student_0135,Fisica_Dinamica,12,0.5833,57.57,1.58
student_0135,Fisica_Energia,18,0.7222,44.96,3.72
student_0135,Funzioni,16,0.625,49.04,2.62
student_0136,Algebra,8,0.375,51.73,2.38
student_0136,Derivate,21,0.5714,35.12,3.57
student_0136,Fisica_Dinamica,12,0.75,40.73,3.75
student_0136,Fisica_Energia,18,0.3889,57.42,1.39
student_0136,Funzioni,16,0.375,52.0,2.0
student_0137,Algebra,8,0.5,50.41,3.0
student_0137,Derivate,21,0.4286,53.75,2.0
student_0137,Fisica_Dinamica,12,0.5,53.41,2.0
student_0137,Fisica_Energia,18,0.5556,51.73,2.56
student_0137,Funzioni,16,0.5,64.55,1.5
student_0138,Algebra,8,0.375,44.67,1.38
student_0138,Derivate,21,0.5238,34.76,3.0
student_0138,Fisica_Dinamica,12,0.5833,44.45,2.58
student_0138,Fisica_Energia,18,0.3889,37.98,1.39
student_0138,Funzioni,16,0.5,36.33,2.5
student_0139,Algebra,8,0.5,38.03,3.5
student_0139,Derivate,21,0.381,45.38,2.0
student_0139,Fisica_Dinamica,12,0.75,31.08,3.75
student_0139,Fisica_Energia,18,0.7222,37.91,3.72
student_0139,Funzioni,16,0.5625,42.94,2.56
student_0140,Algebra,8,0.625,54.81,3.62
student_0140,Derivate,21,0.5238,47.6,3.52
student_0140,Fisica_Dinamica,12,0.75,43.46,4.0
student_0140,Fisica_Energia,18,0.6667,47.53,3.67
student_0140,Funzioni,16,0.6875,56.31,2.69
student_0141,Algebra,8,0.875,37.57,3.88
student_0141,Derivate,21,0.5714,40.05,3.0
student_0141,Fisica_Dinamica,12,0.5,49.43,1.5
student_0141,Fisica_Energia,18,0.7222,43.98,2.72
student_0141,Funzioni,16,0.5625,42.88,2.56
student_0142,Algebra,8,0.5,57.18,2.5
student_0142,Derivate,21,0.7143,42.75,3.71
student_0142,Fisica_Dinamica,12,0.5,58.11,1.5
student_0142,Fisica_Energia,18,0.4444,53.23,2.44
student_0142,Funzioni,16,0.4375,53.69,2.44
student_0143,Algebra,8,0.5,48.1,3.0
student_0143,Derivate,21,0.619,50.43,2.62
student_0143,Fisica_Dinamica,12,0.9167,49.7,2.92
student_0143,Fisica_Energia,18,0.5556,49.1,2.56
student_0143,Funzioni,16,0.4375,52.8,2.44
student_0144,Algebra,8,0.625,41.98,2.62
student_0144,Derivate,21,0.5714,32.5,3.57
student_0144,Fisica_Dinamica,12,0.5,38.66,2.5
student_0144,Fisica_Energia,18,0.3889,46.16,1.39
student_0144,Funzioni,16,0.6875,35.19,3.69
student_0145,Algebra,8,0.5,33.99,2.5
student_0145,Derivate,21,0.619,36.1,2.62
student_0145,Fisica_Dinamica,12,0.5833,30.87,2.58
student_0145,Fisica_Energia,18,0.6667,30.81,3.67
student_0145,Funzioni,16,0.375,42.47,2.38
student_0146,Algebra,8,0.5,56.35,2.5
student_0146,Derivate,21,0.5714,59.28,2.57
student_0146,Fisica_Dinamica,12,0.5,60.19,1.5
student_0146,Fisica_Energia,18,0.3889,70.78,1.39
student_0146,Funzioni,16,0.375,62.46,2.38
student_0147,Algebra,8,0.625,43.29,3.62
student_0147,Derivate,21,0.5238,51.22,2.0
student_0147,Fisica_Dinamica,12,0.6667,41.02,3.67
student_0147,Fisica_Energia,18,0.6111,52.11,2.61
student_0147,Funzioni,16,0.25,54.11,2.25
student_0148,Algebra,8,0.25,58.1,2.0
student_0148,Derivate,21,0.5714,50.61,2.57
student_0148,Fisica_Dinamica,12,0.5,39.83,2.5
student_0148,Fisica_Energia,18,0.5,60.37,1.5
student_0148,Funzioni,16,0.4375,46.84,3.0
student_0149,Algebra,8,0.625,41.01,3.62
student_0149,Derivate,21,0.619,41.11,3.62
student_0149,Fisica_Dinamica,12,0.9167,40.24,3.92
student_0149,Fisica_Energia,18,0.3333,50.0,2.33
student_0149,Funzioni,16,0.375,58.53,1.38
student_0150,Algebra,8,0.5,40.2,3.5
student_0150,Derivate,21,0.3333,45.66,2.33
student_0150,Fisica_Dinamica,12,0.4167,39.73,2.42
student_0150,Fisica_Energia,18,0.3333,51.3,1.33
student_0150,Funzioni,16,0.5625,44.03,2.56
student_0151,Algebra,8,0.625,49.18,3.62
student_0151,Derivate,21,0.381,60.16,2.38
student_0151,Fisica_Dinamica,12,0.6667,49.39,3.67
student_0151,Fisica_Energia,18,0.8333,44.49,4.0
student_0151,Funzioni,16,0.5625,52.07,3.56
student_0152,Algebra,8,0.5,29.02,3.0
student_0152,Derivate,21,0.5714,27.21,3.0
student_0152,Fisica_Dinamica,12,0.6667,34.45,2.67
student_0152,Fisica_Energia,18,0.5,37.23,2.0
student_0152,Funzioni,16,0.5625,31.05,3.56
student_0153,Algebra,8,0.125,65.01,2.0
student_0153,Derivate,21,0.619,52.78,3.0
student_0153,Fisica_Dinamica,12,0.5,58.99,2.5
student_0153,Fisica_Energia,18,0.3889,66.71,1.39
student_0153,Funzioni,16,0.3125,55.73,3.31
student_0154,Algebra,8,0.25,40.13,1.25
student_0154,Derivate,21,0.5238,36.05,2.52
student_0154,Fisica_Dinamica,12,0.6667,39.85,2.0
student_0154,Fisica_Energia,18,0.7222,35.13,3.0
student_0154,Funzioni,16,0.4375,39.81,2.44
student_0155,Algebra,8,0.5,56.0,2.0
student_0155,Derivate,21,0.5238,51.37,2.52
student_0155,Fisica_Dinamica,12,0.8333,46.38,3.0
student_0155,Fisica_Energia,18,0.7222,42.13,3.72
student_0155,Funzioni,16,0.375,61.19,1.38
student_0156,Algebra,8,0.375,55.85,1.38
student_0156,Derivate,21,0.4762,52.72,2.0
student_0156,Fisica_Dinamica,12,0.8333,35.61,3.83
student_0156,Fisica_Energia,18,0.2778,62.99,1.0
student_0156,Funzioni,16,0.6875,44.77,2.69
student_0157,Algebra,8,0.25,50.46,2.0
student_0157,Derivate,21,0.5714,48.8,2.57
student_0157,Fisica_Dinamica,12,0.5,44.43,3.5
student_0157,Fisica_Energia,18,0.6111,51.25,2.61
student_0157,Funzioni,16,0.5,49.18,2.5
student_0158,Algebra,8,0.5,58.58,2.5
student_0158,Derivate,21,0.5714,49.69,2.57
student_0158,Fisica_Dinamica,12,0.75,48.78,3.0
student_0158,Fisica_Energia,18,0.7778,35.21,4.78
student_0158,Funzioni,16,0.5625,51.67,3.0
student_0159,Algebra,8,0.5,45.4,2.0
student_0159,Derivate,21,0.619,32.6,3.62
student_0159,Fisica_Dinamica,12,0.5,46.49,2.5
student_0159,Fisica_Energia,18,0.5,47.32,1.5
student_0159,Funzioni,16,0.4375,47.7,2.44
student_0160,Algebra,8,0.5,34.32,3.5
student_0160,Derivate,21,0.4762,46.17,1.48
student_0160,Fisica_Dinamica,12,0.5833,36.96,2.58
student_0160,Fisica_Energia,18,0.6111,37.21,3.61
student_0160,Funzioni,16,0.375,42.5,2.38
student_0161,Algebra,8,0.5,38.6,3.5
student_0161,Derivate,21,0.4762,37.95,2.48
student_0161,Fisica_Dinamica,12,0.75,37.32,3.75
student_0161,Fisica_Energia,18,0.5,47.78,2.0
student_0161,Funzioni,16,0.6875,38.37,3.0
student_0162,Algebra,8,0.625,30.12,2.62
student_0162,Derivate,21,0.381,40.43,2.38
student_0162,Fisica_Dinamica,12,0.3333,36.71,2.33
student_0162,Fisica_Energia,18,0.5556,41.03,2.56
student_0162,Funzioni,16,0.625,31.22,3.62
student_0163,Algebra,8,0.75,38.09,3.75
student_0163,Derivate,21,0.5238,38.94,2.52
student_0163,Fisica_Dinamica,12,0.5,38.78,3.0
student_0163,Fisica_Energia,18,0.5556,46.69,1.56
student_0163,Funzioni,16,0.5625,40.85,3.0
student_0164,Algebra,8,0.75,49.78,3.75
student_0164,Derivate,21,0.381,70.01,1.0
student_0164,Fisica_Dinamica,12,0.6667,43.61,4.0
student_0164,Fisica_Energia,18,0.6667,52.02,2.67
student_0164,Funzioni,16,0.25,67.72,1.25
student_0165,Algebra,8,0.375,54.43,2.38
student_0165,Derivate,21,0.4286,51.49,2.43
student_0165,Fisica_Dinamica,12,0.9167,35.38,4.0
student_0165,Fisica_Energia,18,0.7222,47.72,3.72
student_0165,Funzioni,16,0.625,45.99,3.62
student_0166,Algebra,8,0.25,54.26,2.25
student_0166,Derivate,21,0.381,55.81,2.0
student_0166,Fisica_Dinamica,12,0.5833,45.23,3.0
student_0166,Fisica_Energia,18,0.7778,52.63,2.78
student_0166,Funzioni,16,0.4375,57.71,1.44
student_0167,Algebra,8,0.5,61.1,2.5
student_0167,Derivate,21,0.5238,64.37,1.52
student_0167,Fisica_Dinamica,12,0.0833,72.73,1.0
student_0167,Fisica_Energia,18,0.7778,44.4,3.78
student_0167,Funzioni,16,0.8125,48.78,3.0
student_0168,Algebra,8,0.5,54.14,2.5
student_0168,Derivate,21,0.6667,42.65,3.67
student_0168,Fisica_Dinamica,12,0.5,57.38,2.5
student_0168,Fisica_Energia,18,0.5,55.03,2.5
student_0168,Funzioni,16,0.5,54.34,2.5
student_0169,Algebra,8,0.375,47.66,2.38
student_0169,Derivate,21,0.5714,47.39,2.57
student_0169,Fisica_Dinamica,12,0.5,45.8,2.5
student_0169,Fisica_Energia,18,0.7778,42.2,2.78
student_0169,Funzioni,16,0.5,44.74,3.0
student_0170,Algebra,8,0.25,63.94,1.0
student_0170,Derivate,21,0.5238,46.18,3.0
student_0170,Fisica_Dinamica,12,0.9167,40.77,3.92
student_0170,Fisica_Energia,18,0.5,50.99,2.5
student_0170,Funzioni,16,0.75,43.65,3.0
student_0171,Algebra,8,0.5,56.89,2.5
student_0171,Derivate,21,0.619,46.99,3.62
student_0171,Fisica_Dinamica,12,0.6667,52.75,2.67
student_0171,Fisica_Energia,18,0.6667,49.35,3.67
student_0171,Funzioni,16,0.6875,51.94,3.69
student_0172,Algebra,8,0.5,52.72,2.5
student_0172,Derivate,21,0.7619,42.89,3.76
student_0172,Fisica_Dinamica,12,0.6667,46.24,2.67
student_0172,Fisica_Energia,18,0.6111,49.7,2.61
student_0172,Funzioni,16,0.375,52.33,2.38
student_0173,Algebra,8,0.375,59.59,2.38
student_0173,Derivate,21,0.3333,62.04,1.33
student_0173,Fisica_Dinamica,12,0.6667,43.27,3.67
student_0173,Fisica_Energia,18,0.5,54.66,2.5
student_0173,Funzioni,16,0.4375,63.74,2.44
student_0174,Algebra,8,0.5,46.72,2.5
student_0174,Derivate,21,0.381,44.34,2.38
student_0174,Fisica_Dinamica,12,0.5833,32.01,4.0
student_0174,Fisica_Energia,18,0.5556,44.9,2.56
student_0174,Funzioni,16,0.4375,47.59,2.44
student_0175,Algebra,8,0.625,45.58,3.0
student_0175,Derivate,21,0.5714,47.32,2.57
student_0175,Fisica_Dinamica,12,0.8333,43.49,3.0
student_0175,Fisica_Energia,18,0.6111,46.27,3.0
student_0175,Funzioni,16,0.4375,52.64,2.44
student_0176,Algebra,8,0.25,68.35,1.25
student_0176,Derivate,21,0.5714,47.41,2.57
student_0176,Fisica_Dinamica,12,0.6667,42.16,3.67
student_0176,Fisica_Energia,18,0.5,55.04,2.0
student_0176,Funzioni,16,0.5,55.09,2.5
student_0177,Algebra,8,0.75,35.2,3.0
student_0177,Derivate,21,0.7619,28.45,3.76
student_0177,Fisica_Dinamica,12,0.5833,31.16,2.58
student_0177,Fisica_Energia,18,0.5,33.66,2.5
student_0177,Funzioni,16,0.8125,27.52,3.81
student_0178,Algebra,8,0.625,51.42,2.62
student_0178,Derivate,21,0.5238,46.02,2.52
student_0178,Fisica_Dinamica,12,0.5,41.53,2.5
student_0178,Fisica_Energia,18,0.6111,41.34,3.0
student_0178,Funzioni,16,0.375,43.01,3.0
student_0179,Algebra,8,0.5,46.4,3.0
student_0179,Derivate,21,0.8571,39.59,3.86
student_0179,Fisica_Dinamica,12,0.5,51.54,1.5
student_0179,Fisica_Energia,18,0.6667,41.73,3.67
student_0179,Funzioni,16,0.5625,46.01,3.0
student_0180,Algebra,8,0.5,47.51,3.5
student_0180,Derivate,21,0.2857,51.53,1.29
student_0180,Fisica_Dinamica,12,1.0,38.79,4.0
student_0180,Fisica_Energia,18,0.3889,59.34,1.0
student_0180,Funzioni,16,0.5,46.35,2.5
student_0181,Algebra,8,0.375,40.84,2.38
student_0181,Derivate,21,0.4762,40.76,1.48
student_0181,Fisica_Dinamica,12,0.5833,32.89,3.58
student_0181,Fisica_Energia,18,0.3889,40.97,1.39
student_0181,Funzioni,16,0.5,31.58,2.5
student_0182,Algebra,8,0.375,54.9,2.38
student_0182,Derivate,21,0.8095,40.72,4.81
student_0182,Fisica_Dinamica,12,0.5833,53.89,2.58
student_0182,Fisica_Energia,18,0.6667,60.19,2.67
student_0182,Funzioni,16,0.375,63.42,2.0
student_0183,Algebra,8,0.25,46.74,2.25
student_0183,Derivate,21,0.5238,47.07,2.0
student_0183,Fisica_Dinamica,12,0.5,43.98,2.5
student_0183,Fisica_Energia,18,0.6111,35.85,3.61
student_0183,Funzioni,16,0.5,57.6,1.5
student_0184,Algebra,8,1.0,38.22,4.0
student_0184,Derivate,21,0.7619,37.73,2.76
student_0184,Fisica_Dinamica,12,0.5,43.42,2.0
student_0184,Fisica_Energia,18,0.3889,43.06,2.0
student_0184,Funzioni,16,0.5,37.55,2.5
student_0185,Algebra,8,0.25,61.11,1.25
student_0185,Derivate,21,0.5714,44.67,3.0
student_0185,Fisica_Dinamica,12,0.6667,56.98,2.0
student_0185,Fisica_Energia,18,0.6667,45.34,3.67
student_0185,Funzioni,16,0.625,48.26,3.62
student_0186,Algebra,8,0.5,44.5,2.5
student_0186,Derivate,21,0.5238,48.2,2.52
student_0186,Fisica_Dinamica,12,0.5,50.23,1.5
student_0186,Fisica_Energia,18,0.3889,45.76,2.39
student_0186,Funzioni,16,0.3125,44.66,2.31
student_0187,Algebra,8,0.875,27.63,3.88
student_0187,Derivate,21,0.7619,31.06,3.76
student_0187,Fisica_Dinamica,12,0.8333,31.65,2.83
student_0187,Fisica_Energia,18,0.5556,38.85,2.56
student_0187,Funzioni,16,0.375,40.62,2.38
student_0188,Algebra,8,0.875,29.81,4.88
student_0188,Derivate,21,0.4762,39.58,2.0
student_0188,Fisica_Dinamica,12,0.6667,33.6,2.67
student_0188,Fisica_Energia,18,0.6667,35.25,3.0
student_0188,Funzioni,16,0.25,44.96,1.25
student_0189,Algebra,8,0.5,36.53,3.5
student_0189,Derivate,21,0.5238,41.47,2.52
student_0189,Fisica_Dinamica,12,0.6667,35.48,3.67
student_0189,Fisica_Energia,18,0.8889,33.41,4.0
student_0189,Funzioni,16,0.4375,46.75,2.0
student_0190,Algebra,8,0.375,57.09,2.0
student_0190,Derivate,21,0.5238,49.97,3.52
student_0190,Fisica_Dinamica,12,0.5,53.87,2.5
student_0190,Fisica_Energia,18,0.3333,57.19,2.0
student_0190,Funzioni,16,0.625,50.77,2.62
student_0191,Algebra,8,0.375,58.18,2.38
student_0191,Derivate,21,0.619,53.79,3.0
student_0191,Fisica_Dinamica,12,0.5,58.38,2.5
student_0191,Fisica_Energia,18,0.3333,63.58,1.33
student_0191,Funzioni,16,0.375,65.2,2.0
student_0192,Algebra,8,0.75,43.64,3.75
student_0192,Derivate,21,0.381,51.32,1.38
student_0192,Fisica_Dinamica,12,0.6667,40.52,2.67
student_0192,Fisica_Energia,18,0.4444,46.72,2.44
student_0192,Funzioni,16,0.4375,44.94,2.44
student_0193,Algebra,8,0.375,42.78,3.38
student_0193,Derivate,21,0.381,51.14,1.38
student_0193,Fisica_Dinamica,12,0.8333,41.43,3.83
student_0193,Fisica_Energia,18,0.2778,57.63,1.28
student_0193,Funzioni,16,0.5,49.39,2.5
student_0194,Algebra,8,0.5,49.59,2.5
student_0194,Derivate,21,0.619,45.12,3.0
student_0194,Fisica_Dinamica,12,0.5833,52.78,2.58
student_0194,Fisica_Energia,18,0.5556,46.31,2.56
student_0194,Funzioni,16,0.5,49.77,2.5
student_0195,Algebra,8,0.5,36.85,2.5
student_0195,Derivate,21,0.7619,32.68,2.76
student_0195,Fisica_Dinamica,12,0.6667,33.54,2.67
student_0195,Fisica_Energia,18,0.4444,29.71,3.44
student_0195,Funzioni,16,0.6875,35.27,3.69
student_0196,Algebra,8,0.125,56.29,1.0
student_0196,Derivate,21,0.4762,47.1,2.48
student_0196,Fisica_Dinamica,12,0.6667,48.91,2.67
student_0196,Fisica_Energia,18,0.2222,57.76,1.22
student_0196,Funzioni,16,0.375,51.43,2.38
student_0197,Algebra,8,0.75,29.29,3.0
student_0197,Derivate,21,0.4286,30.44,2.43
student_0197,Fisica_Dinamica,12,0.75,29.03,2.75
student_0197,Fisica_Energia,18,0.4444,32.09,3.44
student_0197,Funzioni,16,0.5625,32.73,3.0
student_0198,Algebra,8,0.625,36.92,3.0
student_0198,Derivate,21,0.7619,36.55,3.76
student_0198,Fisica_Dinamica,12,0.6667,42.62,2.67
student_0198,Fisica_Energia,18,0.6111,32.46,3.61
student_0198,Funzioni,16,0.5625,39.81,3.0
student_0199,Algebra,8,0.5,43.22,2.5
student_0199,Derivate,21,0.5714,43.0,2.57
student_0199,Fisica_Dinamica,12,0.5833,49.58,1.58
student_0199,Fisica_Energia,18,0.5,48.94,2.0
student_0199,Funzioni,16,0.5625,41.2,2.56
student_0200,Algebra,8,0.375,43.28,2.38
student_0200,Derivate,21,0.5714,41.64,2.57
student_0200,Fisica_Dinamica,12,0.25,47.5,2.0
student_0200,Fisica_Energia,18,0.3889,42.74,2.39
student_0200,Funzioni,16,0.5,46.29,1.5
